SalesRepID,SalesRepName,$$$ Generated,Leads Closed,Touches,Conversion %,Client Meetings,Email Responses,Calls Made,Follow-ups
1,Rep_1,68690.22,312,1966,35.68,95,261,565,168
2,Rep_2,143592.86,21,1013,27.63,53,247,567,104
3,Rep_3,115159.21,327,1057,5,80,193,537,56
4,Rep_4,97825.6,89,422,23.46,75,293,234,23
5,Rep_5,40282.42,225,1637,24.75,7,219,153,113
6,Rep_6,40279.29,348,543,9.12,14,106,304,48
7,Rep_7,27550.87,273,1612,47.34,93,217,145,11
8,Rep_8,132602.9,488,1742,42.65,39,146,458,176
9,Rep_9,98144.95,158,800,33.78,84,193,705,121
10,Rep_10,112049.44,90,1229,23.65,6,85,171,72
11,Rep_11,22675.98,224,340,21.18,28,296,350,38
12,Rep_12,146088.28,494,1721,32.9,78,151,557,198
13,Rep_13,128217.54,383,1217,27.73,42,246,402,73
14,Rep_14,47604.08,473,155,4.05,26,34,134,59
15,Rep_15,43637.25,207,1493,26.11,30,299,501,14
16,Rep_16,43842.59,209,719,40.51,47,76,303,46
17,Rep_17,59551.49,34,1731,23.5,59,259,94,45
18,Rep_18,88218.34,475,51,3.55,43,127,185,126
19,Rep_19,76152.85,98,638,39.53,95,82,208,142
20,Rep_20,57859.79,277,693,10.87,33,291,97,14
21,Rep_21,99540.88,152,139,13.67,24,19,621,106
22,Rep_22,38134.2,68,1418,9.07,95,220,707,192
23,Rep_23,57978.8,419,399,17.18,45,161,40,132
24,Rep_24,67627.04,498,1532,38.08,58,14,585,183
25,Rep_25,79289.1,374,1336,26.45,24,204,203,153
26,Rep_26,122072.87,35,1424,11.04,23,292,241,140
27,Rep_27,45957.59,56,1181,44.01,88,122,347,197
28,Rep_28,86850.48,297,1659,44.1,70,280,198,96
29,Rep_29,97013.89,275,1112,43.66,34,172,131,117
30,Rep_30,26038.55,25,958,12.7,57,114,755,82
31,Rep_31,98980.83,208,208,23.11,38,190,745,89
32,Rep_32,42168.14,410,1656,49.26,26,53,78,34
33,Rep_33,28456.71,416,1008,38.83,71,291,346,53
34,Rep_34,143355.12,291,361,2.33,10,184,640,13
35,Rep_35,145532.16,478,1314,4.2,83,171,688,149
36,Rep_36,125091.66,95,494,23.73,31,149,210,73
37,Rep_37,59599.79,259,347,45.55,14,141,219,62
38,Rep_38,32697.37,400,1001,27.4,77,96,331,189
39,Rep_39,108950.29,279,85,25.39,52,185,727,66
40,Rep_40,77219.82,344,1157,6.17,74,192,54,56
41,Rep_41,35864.97,126,1525,33.18,63,138,398,193
42,Rep_42,84373,16,1959,41.28,63,255,406,44
43,Rep_43,24470.51,146,1848,19.64,6,98,777,170
44,Rep_44,138211.65,380,1895,39,33,75,256,175
45,Rep_45,53641.4,185,1458,48.26,72,167,635,67
46,Rep_46,106127.9,337,1245,10.98,69,158,538,151
47,Rep_47,60522.44,324,1449,26.64,87,125,302,54
48,Rep_48,87608.84,224,1758,15.07,30,223,20,165
49,Rep_49,91072.34,486,1435,39.85,93,262,750,145
50,Rep_50,44031.08,91,608,29.3,14,152,483,82
51,Rep_51,146046,232,940,32.09,57,259,249,101
52,Rep_52,120767.27,487,190,40.1,83,34,191,194
53,Rep_53,142134.86,381,936,20.4,63,286,106,47
54,Rep_54,136327.56,432,1991,45.84,26,79,572,181
55,Rep_55,97727,492,1191,27.12,55,122,142,40
56,Rep_56,139843.65,411,1350,8.74,52,121,317,126
57,Rep_57,31504.03,452,775,35.1,25,100,709,112
58,Rep_58,45477.77,499,1293,39.87,26,27,594,14
59,Rep_59,25879.55,112,1978,16.52,34,158,503,99
60,Rep_60,62292.94,282,1099,43,29,236,184,10
61,Rep_61,70528.05,23,570,45.4,32,223,718,61
62,Rep_62,55275.37,168,1856,14.57,69,160,402,133
63,Rep_63,127735.88,161,59,49.19,49,201,228,75
64,Rep_64,66377.93,492,1033,7.89,72,49,758,190
65,Rep_65,56521.49,117,427,10.9,11,251,451,25
66,Rep_66,90550.49,197,1706,10.03,53,147,408,96
67,Rep_67,38320.15,310,1710,44.81,13,189,579,131
68,Rep_68,124285.61,107,731,33.06,40,209,243,84
69,Rep_69,29691.58,140,633,8.45,87,212,22,60
70,Rep_70,148295.3,302,201,22.58,5,70,391,120
71,Rep_71,120391.82,180,769,31.15,14,201,706,152
72,Rep_72,45833.04,433,1122,5.09,40,14,465,186
73,Rep_73,20717.88,483,1227,44.24,77,246,630,29
74,Rep_74,126009.99,192,908,40.38,50,190,135,160
75,Rep_75,111891.45,480,1366,25.76,36,46,289,9
76,Rep_76,114770.93,373,1653,48.39,36,65,466,124
77,Rep_77,120265.15,48,99,21.47,10,246,387,25
78,Rep_78,29625.8,24,713,49.22,52,206,272,22
79,Rep_79,66600.54,385,580,33.73,42,82,336,179
80,Rep_80,35062.98,13,1685,32.1,21,68,434,61
81,Rep_81,132203.45,358,1133,9.13,78,249,114,97
82,Rep_82,101028.76,479,1240,44.21,31,11,43,23
83,Rep_83,63016.74,418,1275,21.95,58,197,647,132
84,Rep_84,28262.59,406,906,8.95,54,39,682,101
85,Rep_85,60427.7,219,195,1.62,39,276,69,197
86,Rep_86,62273.83,170,964,28.43,89,117,521,135
87,Rep_87,114848.8,25,1749,26.84,29,99,737,174
88,Rep_88,102882.47,435,1042,36.25,32,214,517,25
89,Rep_89,135337.66,117,1512,44.62,19,229,354,44
90,Rep_90,81387.94,391,291,4.89,8,103,98,71
91,Rep_91,35547.25,459,630,36.84,97,112,601,157
92,Rep_92,112721.82,320,736,10.18,77,232,46,131
93,Rep_93,118902.06,236,1634,43.05,31,195,290,59
94,Rep_94,92966.04,179,532,41.13,30,193,581,184
95,Rep_95,120225.73,43,1181,27.5,23,171,266,176
96,Rep_96,84193.43,423,1299,35.8,96,256,795,113
97,Rep_97,87955.27,260,722,16.4,21,40,610,102
98,Rep_98,75580.33,256,680,24.09,47,61,406,188
99,Rep_99,23304.49,278,710,41.26,45,85,721,187
100,Rep_100,34025.89,150,711,23.5,46,287,578,116
101,Rep_101,24085.79,283,1505,18.53,54,49,380,119
102,Rep_102,102733.35,425,854,25.22,88,110,507,121
103,Rep_103,60866.28,105,1728,41.58,44,120,371,91
104,Rep_104,86114.19,236,468,17.43,43,258,720,85
105,Rep_105,137983.64,388,1037,9.51,27,200,275,70
106,Rep_106,52407.99,48,1528,35.89,56,191,241,23
107,Rep_107,73349.78,311,1233,41.47,51,218,772,139
108,Rep_108,118221.65,38,1596,5.93,67,31,20,122
109,Rep_109,49743.76,455,699,12.75,73,175,565,195
110,Rep_110,30007.39,486,1018,7.96,47,108,465,46
111,Rep_111,57667.69,327,639,18.05,52,217,98,46
112,Rep_112,40958.77,254,1150,23.07,38,17,255,63
113,Rep_113,140860.69,245,558,37.69,44,199,353,24
114,Rep_114,125055.65,194,490,32.91,79,184,368,77
115,Rep_115,102342.49,281,1327,31.43,65,282,117,21
116,Rep_116,133289.88,449,970,18.27,54,26,101,31
117,Rep_117,124477.37,245,819,42.23,71,99,521,179
118,Rep_118,44254.11,248,1393,24.09,66,150,496,6
119,Rep_119,136032.67,386,1876,48.98,62,154,723,67
120,Rep_120,90114.49,275,312,32.07,37,175,784,66
121,Rep_121,124967.22,423,1670,7.19,79,87,569,104
122,Rep_122,136491.87,418,1731,34.13,20,271,33,23
123,Rep_123,61340.45,368,1908,16.93,86,172,411,21
124,Rep_124,34306.75,349,1627,34.63,98,23,366,73
125,Rep_125,49631.57,398,1447,4.41,52,248,329,171
126,Rep_126,75524.01,74,686,9.57,14,81,405,121
127,Rep_127,126341.92,487,1240,42.93,86,152,228,85
128,Rep_128,131894.98,186,1826,12.13,42,292,376,43
129,Rep_129,20903.78,12,508,42.02,23,278,620,40
130,Rep_130,86397.15,438,1048,14.68,40,250,587,172
131,Rep_131,74263.43,151,1353,32.5,63,254,113,177
132,Rep_132,48874.02,385,749,35.01,67,172,112,136
133,Rep_133,35582.5,167,351,26.12,81,69,359,157
134,Rep_134,63889.97,333,1604,15.96,50,15,616,162
135,Rep_135,142578.26,155,1653,11.42,7,206,464,33
136,Rep_136,62016.38,455,1291,2.63,78,67,776,55
137,Rep_137,87442.78,302,1175,15.89,69,226,41,156
138,Rep_138,111392.46,162,603,33,95,35,310,18
139,Rep_139,67271.85,441,337,46.98,12,14,504,73
140,Rep_140,146331.67,202,1240,43.69,55,29,325,150
141,Rep_141,145118.15,446,670,38.54,85,207,653,174
142,Rep_142,52731.7,472,1055,39.63,77,68,147,61
143,Rep_143,84642.31,82,85,33.58,10,251,644,16
144,Rep_144,59114.18,408,793,13.75,93,155,292,21
145,Rep_145,57029.26,314,1814,45.45,43,282,461,34
146,Rep_146,24795.3,386,402,33.87,64,258,522,92
147,Rep_147,99243.36,353,1749,28.46,32,23,149,103
148,Rep_148,85348.27,461,1972,6.44,58,22,151,27
149,Rep_149,26692.24,149,122,22.91,41,53,616,133
150,Rep_150,56224.04,196,697,23.56,13,28,501,83
151,Rep_151,138074.57,302,1426,43.36,86,72,409,36
152,Rep_152,51143.05,70,1964,27.79,60,248,612,13
153,Rep_153,38836.33,494,1143,19.64,63,109,344,19
154,Rep_154,83628.86,436,474,48.86,89,172,88,160
155,Rep_155,148134.56,389,1048,6.43,6,131,679,156
156,Rep_156,51467.19,207,757,21.7,65,53,467,192
157,Rep_157,107377.62,304,1854,3.06,62,154,547,167
158,Rep_158,119010.55,449,610,37.26,64,59,636,31
159,Rep_159,50892.88,328,877,45.99,44,74,184,113
160,Rep_160,114668.13,311,1715,14.72,40,297,507,80
161,Rep_161,67811.81,353,1005,43.06,41,173,732,152
162,Rep_162,102199.76,20,566,15.32,83,150,728,69
163,Rep_163,102358.86,71,477,45.63,96,137,445,181
164,Rep_164,89650.71,342,1612,37.94,22,248,716,113
165,Rep_165,31737.67,235,209,40.44,67,196,284,133
166,Rep_166,128589.32,162,198,1.88,26,217,631,14
167,Rep_167,61701.41,208,825,48.18,15,229,361,51
168,Rep_168,44247.41,61,1303,36.61,62,199,745,127
169,Rep_169,25300.77,269,1785,15.93,61,293,297,63
170,Rep_170,96816.08,68,1635,41.64,81,246,693,100
171,Rep_171,108083.37,81,116,14.79,8,203,458,194
172,Rep_172,22156.42,157,1063,43.76,90,296,176,107
173,Rep_173,86572.1,358,1885,6.52,11,268,441,128
174,Rep_174,49444.45,72,430,35.48,65,255,270,90
175,Rep_175,103872.46,319,107,27.49,58,145,628,150
176,Rep_176,42667.64,382,1332,5.73,92,289,549,116
177,Rep_177,109821.91,252,391,12.85,72,280,346,178
178,Rep_178,70275.6,375,1911,1.61,96,180,116,164
179,Rep_179,141774.9,339,1203,23.97,83,168,532,31
180,Rep_180,37877.72,116,776,15.76,5,210,235,22
181,Rep_181,64338.63,235,1245,30.32,59,54,151,171
182,Rep_182,34751.56,322,819,15.56,7,273,279,181
183,Rep_183,140210.17,227,663,15.7,82,80,144,86
184,Rep_184,134054.12,434,1282,37.42,42,112,101,176
185,Rep_185,53532.41,250,1876,3.36,5,134,302,76
186,Rep_186,105797.93,268,403,45.24,42,295,702,58
187,Rep_187,126238.89,385,1544,42.76,89,239,78,166
188,Rep_188,92176.11,271,1871,33.72,33,155,563,75
189,Rep_189,88854.58,14,165,30.07,9,206,180,168
190,Rep_190,51440.8,270,1337,44.72,78,230,303,150
191,Rep_191,32103.36,63,711,10.08,96,69,125,42
192,Rep_192,136638.05,56,1885,4.87,25,107,124,191
193,Rep_193,137054.35,224,1515,12.74,75,180,458,141
194,Rep_194,102303.19,186,1621,39.93,71,182,247,183
195,Rep_195,64073.87,18,502,2.7,51,160,719,39
196,Rep_196,65397.24,108,1918,29.56,88,131,601,86
197,Rep_197,114374.24,29,1550,49.78,87,117,337,137
198,Rep_198,136624.33,387,336,42.93,39,13,483,146
199,Rep_199,135321.24,250,1376,26.55,72,102,618,162
200,Rep_200,121383.82,70,1066,4.12,73,15,491,8
201,Rep_201,103464.11,388,360,41.74,5,297,75,171
202,Rep_202,30938.2,499,257,30.35,72,115,644,196
203,Rep_203,41011.73,428,667,6.63,16,155,32,157
204,Rep_204,136812.04,187,495,5.6,64,280,459,160
205,Rep_205,98835.78,347,719,45.57,31,105,37,198
206,Rep_206,21195.62,71,682,33.79,60,238,713,154
207,Rep_207,33191.3,154,104,41.64,27,211,132,163
208,Rep_208,106255.23,225,961,44.07,29,221,248,27
209,Rep_209,20658.01,12,1085,29.02,25,15,190,52
210,Rep_210,40905.05,169,706,26.35,65,121,314,152
211,Rep_211,91335.39,236,1473,22.09,67,115,208,129
212,Rep_212,109946.38,495,1981,16.53,56,148,445,170
213,Rep_213,104754.96,278,1721,22.3,92,105,98,59
214,Rep_214,49155.01,129,1029,38.92,29,223,677,72
215,Rep_215,112583.3,390,564,30.49,59,31,201,92
216,Rep_216,50842.38,98,1729,44.73,50,202,518,5
217,Rep_217,62301.96,338,1615,22.73,36,159,781,139
218,Rep_218,117043.88,77,286,30.75,59,256,727,189
219,Rep_219,104452.28,407,1352,31.93,9,276,90,99
220,Rep_220,130399.04,366,397,29.99,40,260,267,144
221,Rep_221,105489.68,107,676,35.43,53,12,165,110
222,Rep_222,93880.12,276,1177,12.63,62,85,637,137
223,Rep_223,32177.72,114,679,26.11,43,96,794,112
224,Rep_224,67803.05,449,1590,6.11,84,279,315,182
225,Rep_225,54476.31,332,1945,19.84,89,234,601,46
226,Rep_226,51718.65,132,1321,24.9,65,27,489,106
227,Rep_227,146491.37,485,413,32.96,13,122,525,128
228,Rep_228,71102.7,38,370,47.58,10,260,212,144
229,Rep_229,135966.05,146,1706,30.43,39,242,87,107
230,Rep_230,102048.02,204,335,37.44,43,288,513,150
231,Rep_231,123325.47,418,198,25.81,26,211,71,198
232,Rep_232,85342.82,235,1157,32.07,45,92,382,78
233,Rep_233,94997.51,341,455,4.48,9,134,493,112
234,Rep_234,84027.3,179,1027,13.47,46,184,540,126
235,Rep_235,45381.59,18,505,18.73,91,78,782,21
236,Rep_236,113918.77,472,1816,24.15,85,56,450,75
237,Rep_237,56500.41,49,849,3.24,80,265,317,66
238,Rep_238,23161.08,34,1234,7.86,91,224,454,45
239,Rep_239,103911.4,270,1062,14.56,84,39,715,123
240,Rep_240,43024.39,404,833,48.61,71,290,710,166
241,Rep_241,142259.62,452,509,17.24,34,246,217,49
242,Rep_242,144010.72,235,1623,24.62,61,257,147,62
243,Rep_243,138932.37,481,1573,10.61,90,34,551,183
244,Rep_244,68120.63,133,787,30.93,77,83,430,130
245,Rep_245,22009.36,472,558,14.75,33,215,84,166
246,Rep_246,140681.41,47,1727,11.14,41,103,713,48
247,Rep_247,75663.94,337,1877,26.31,91,136,260,19
248,Rep_248,145665.13,260,530,1.27,17,34,388,82
249,Rep_249,145270.6,398,1736,1.38,36,125,555,74
250,Rep_250,130891.23,185,163,11.73,50,57,403,182
251,Rep_251,58278.36,99,798,2.8,27,235,450,105
252,Rep_252,70062.7,411,1651,6.29,49,275,102,164
253,Rep_253,130647.77,463,410,17.6,21,108,716,199
254,Rep_254,61199.86,46,390,40.33,89,20,630,7
255,Rep_255,42034.06,325,819,29.03,70,94,593,90
256,Rep_256,92384.16,185,810,26.12,10,223,305,78
257,Rep_257,141700.12,470,1018,15.38,22,182,553,55
258,Rep_258,110483.87,293,498,46.66,98,218,478,71
259,Rep_259,94107.95,462,1916,20.45,26,73,231,80
260,Rep_260,32632.94,470,884,5.27,37,267,145,97
261,Rep_261,99950.94,90,1253,31.24,34,130,432,180
262,Rep_262,148707,123,1775,6.58,85,63,518,149
263,Rep_263,38210.92,49,1480,17.92,36,281,444,11
264,Rep_264,87382.85,310,1739,25.86,46,250,573,17
265,Rep_265,134058.5,233,1269,43.84,82,252,629,124
266,Rep_266,116299.92,327,1539,25.18,14,27,562,70
267,Rep_267,110612.05,358,360,35.41,40,196,177,8
268,Rep_268,111322.93,124,311,49.65,38,153,131,142
269,Rep_269,66733.85,195,1492,7.44,77,271,421,92
270,Rep_270,58166.94,332,455,14.46,32,248,778,21
271,Rep_271,125216.95,65,192,20.33,15,85,141,56
272,Rep_272,125314.74,49,391,21.67,82,197,292,138
273,Rep_273,132719.4,363,1389,21.14,43,255,313,73
274,Rep_274,138721.27,49,1174,45.47,51,139,417,141
275,Rep_275,86474.51,356,293,35.99,23,292,490,25
276,Rep_276,85197.12,470,539,30.79,19,88,226,28
277,Rep_277,123778.37,246,61,16.16,32,81,129,8
278,Rep_278,104495.31,298,1312,41.37,28,272,459,156
279,Rep_279,111255.69,271,610,47.8,76,200,297,191
280,Rep_280,123453.05,225,91,41.24,13,72,587,7
281,Rep_281,135700.69,156,727,1.08,51,21,588,72
282,Rep_282,63939.37,345,643,32.18,37,150,501,105
283,Rep_283,68825.78,177,1502,3.51,66,263,133,172
284,Rep_284,32217.65,101,1876,13.62,23,52,496,180
285,Rep_285,95176.42,362,1231,3.92,71,26,729,58
286,Rep_286,24672.5,68,1289,30.59,78,72,340,39
287,Rep_287,80527.74,68,1743,34.64,44,262,198,60
288,Rep_288,90543.8,313,1535,6.61,51,17,238,112
289,Rep_289,57250.36,178,183,19.81,69,99,547,44
290,Rep_290,96808.32,278,1140,23.36,33,217,511,72
291,Rep_291,23965.03,372,1921,19.08,54,293,80,50
292,Rep_292,24855.26,54,1080,6.93,17,127,73,82
293,Rep_293,126938.07,354,997,21.53,5,184,699,145
294,Rep_294,66824.78,190,1599,37.81,38,85,557,159
295,Rep_295,36517.87,179,122,4.48,97,110,84,10
296,Rep_296,87891.62,365,448,4.93,52,160,631,21
297,Rep_297,120099.16,200,1478,18.38,81,279,605,168
298,Rep_298,48056.73,164,1748,47.14,52,80,723,103
299,Rep_299,100975.76,431,627,33.76,53,189,190,85
300,Rep_300,31095.17,197,908,34.25,68,133,292,6
301,Rep_301,26718.62,16,179,18.73,65,294,718,81
302,Rep_302,89076.1,142,980,30.09,33,204,554,184
303,Rep_303,90282.57,244,1539,1.5,43,237,410,70
304,Rep_304,102865.89,54,1279,32.17,92,284,712,56
305,Rep_305,114391.87,323,1861,45.75,30,115,346,96
306,Rep_306,146860.77,258,1841,31.02,21,30,127,175
307,Rep_307,87119.05,40,315,43.81,75,73,181,26
308,Rep_308,61984.34,32,1610,36.47,17,174,471,115
309,Rep_309,123374.21,435,842,6.91,73,36,225,111
310,Rep_310,55208.19,403,302,45.22,30,294,609,187
311,Rep_311,77066.28,169,871,4.26,53,157,35,71
312,Rep_312,30199.33,372,1362,27.16,71,290,346,192
313,Rep_313,23295.6,446,213,7.96,11,173,627,190
314,Rep_314,145144.29,167,144,1.57,62,233,678,144
315,Rep_315,128677.42,48,1855,21.68,53,281,21,73
316,Rep_316,110476.65,424,882,15.46,57,155,29,88
317,Rep_317,73163.88,91,1183,24.81,69,39,453,107
318,Rep_318,42528.26,365,385,29.28,66,54,144,43
319,Rep_319,40336.82,267,871,3.14,21,284,100,17
320,Rep_320,52531.58,215,287,7.03,47,43,504,45
321,Rep_321,91399.47,86,430,28.37,29,150,671,61
322,Rep_322,112897.47,486,1509,17.82,7,230,169,185
323,Rep_323,105825.66,21,948,36.73,83,31,359,16
324,Rep_324,56391.41,304,532,32.96,33,189,148,17
325,Rep_325,144132.49,459,951,42.43,36,240,457,124
326,Rep_326,115926.6,233,1098,34.93,30,47,770,101
327,Rep_327,92066.03,22,1726,22.07,20,79,520,61
328,Rep_328,99523.7,55,1190,33.98,29,125,77,44
329,Rep_329,74548.01,164,531,14.49,58,248,217,122
330,Rep_330,52205.03,122,1465,16.01,32,157,230,84
331,Rep_331,66276.45,242,966,39.66,77,18,64,132
332,Rep_332,118519.99,26,1043,22.87,60,297,116,177
333,Rep_333,21871.15,369,1013,40.12,69,59,298,39
334,Rep_334,35089.44,232,586,41.3,97,14,554,7
335,Rep_335,25980.34,363,1152,43.02,90,135,429,124
336,Rep_336,25294.74,197,1653,45.92,84,84,480,9
337,Rep_337,131209.88,457,1246,22.12,45,174,410,15
338,Rep_338,111475.52,353,1085,16.62,55,287,63,130
339,Rep_339,81642.6,374,1873,29.53,75,299,46,75
340,Rep_340,32718.44,172,177,19.19,82,86,116,121
341,Rep_341,83910.06,335,1681,30.45,33,146,567,188
342,Rep_342,81551.33,476,141,35.57,87,115,640,142
343,Rep_343,42516.24,423,1726,34.73,23,104,586,110
344,Rep_344,76400.71,464,592,19.35,70,144,723,120
345,Rep_345,71805.62,83,895,9.18,45,77,238,166
346,Rep_346,100060.51,242,1605,22.1,49,156,204,71
347,Rep_347,102562.17,233,1731,7.99,19,168,88,35
348,Rep_348,25889.52,491,1038,44.61,7,172,149,79
349,Rep_349,68699.64,328,1901,17.95,15,198,586,75
350,Rep_350,101361.79,421,496,8.57,57,104,628,70
351,Rep_351,85407.71,69,439,2.25,50,190,618,74
352,Rep_352,131343.68,344,721,32.65,34,297,650,45
353,Rep_353,105630.17,231,1934,32.21,61,196,739,195
354,Rep_354,41181.48,46,92,17.69,22,147,353,164
355,Rep_355,29173.94,486,303,4.51,55,139,173,24
356,Rep_356,103514.51,287,1203,21.07,52,203,566,189
357,Rep_357,23446.47,205,1133,16.25,70,282,98,182
358,Rep_358,96150.83,413,712,34.18,12,153,598,157
359,Rep_359,142229.93,361,516,30.68,26,25,432,144
360,Rep_360,94811.64,493,336,18.87,10,254,565,43
361,Rep_361,70462.09,251,1060,11.68,80,116,628,149
362,Rep_362,103627.47,333,1590,49.41,61,97,188,49
363,Rep_363,79572.88,228,1540,23.25,40,138,700,143
364,Rep_364,90930.18,201,827,34.73,83,13,682,74
365,Rep_365,142390.43,26,394,7.89,96,104,602,129
366,Rep_366,70193.34,21,691,24.79,61,218,534,155
367,Rep_367,144954.77,415,431,2.35,53,234,333,95
368,Rep_368,137695.58,410,1852,25.77,49,56,51,74
369,Rep_369,45452.85,403,739,48.24,86,190,306,170
370,Rep_370,29016.97,383,1326,19.83,70,115,613,134
371,Rep_371,33101.14,202,1129,2.91,81,208,62,88
372,Rep_372,22368.84,31,1536,2.52,49,115,636,93
373,Rep_373,32277.58,483,506,20.01,83,289,20,83
374,Rep_374,108790.88,129,1032,8.84,24,269,592,117
375,Rep_375,29254.52,219,132,2.14,68,117,289,97
376,Rep_376,61466.83,315,1978,38.05,97,28,199,76
377,Rep_377,129833.79,279,1172,23.47,97,180,755,169
378,Rep_378,23025.35,201,198,15.17,71,204,537,53
379,Rep_379,125880.9,184,1402,45.1,87,21,122,56
380,Rep_380,56641.12,294,1229,6.69,7,204,29,37
381,Rep_381,35361.43,213,239,47.84,58,292,602,26
382,Rep_382,110575.83,173,1567,16.38,82,191,109,118
383,Rep_383,101762.57,260,932,44.53,68,153,245,137
384,Rep_384,134071.36,236,312,30.54,44,191,689,22
385,Rep_385,115559.24,445,1153,41.51,63,39,759,170
386,Rep_386,124452.52,390,449,49.22,59,93,145,122
387,Rep_387,56664.49,469,813,15.13,66,175,228,121
388,Rep_388,43067.14,16,658,48.1,8,293,116,41
389,Rep_389,117579.92,38,1333,20.08,64,290,93,68
390,Rep_390,124888.52,404,1845,19.89,79,105,646,142
391,Rep_391,148765.67,42,1688,17.68,99,275,210,83
392,Rep_392,73640.3,143,1625,27.53,95,234,701,174
393,Rep_393,68362.35,376,834,8.55,34,51,735,127
394,Rep_394,120933.68,88,150,28.13,6,255,75,180
395,Rep_395,64304.46,425,1432,27.54,66,217,739,48
396,Rep_396,140998.45,444,1453,38.33,53,246,572,86
397,Rep_397,131593.66,468,869,41.85,13,31,51,91
398,Rep_398,75769.22,67,1294,22.58,96,194,546,20
399,Rep_399,117613.24,480,869,15.81,35,251,593,58
400,Rep_400,118090.57,35,469,13.71,65,292,686,106
401,Rep_401,33406.1,491,173,10.54,83,50,303,167
402,Rep_402,137331.88,439,471,3.82,52,171,740,102
403,Rep_403,85682.81,235,1304,17.78,29,169,513,160
404,Rep_404,127439.47,294,1763,14.24,40,98,206,6
405,Rep_405,61606.45,13,1136,48.35,12,21,517,98
406,Rep_406,136418.02,474,1558,28.33,77,82,461,145
407,Rep_407,70596.22,108,1701,18.02,62,85,149,173
408,Rep_408,21408.89,406,1776,29.44,49,210,658,63
409,Rep_409,137699.66,498,1647,7.82,66,19,311,73
410,Rep_410,31867.27,48,817,22.76,43,235,133,123
411,Rep_411,61510.77,280,532,31.69,62,185,218,96
412,Rep_412,143508.06,384,568,24.96,85,285,32,185
413,Rep_413,143578.93,294,204,20.69,87,48,290,49
414,Rep_414,94546.93,166,141,49.7,68,69,620,152
415,Rep_415,102138.84,84,1031,44.14,48,75,234,28
416,Rep_416,78297.92,381,1599,31.55,33,133,463,193
417,Rep_417,58117.4,297,504,28.9,63,173,531,95
418,Rep_418,62726.39,139,1814,31.41,75,168,466,98
419,Rep_419,107427.4,184,647,10.86,96,66,734,62
420,Rep_420,117808.69,471,1718,20.36,13,87,93,159
421,Rep_421,122905.28,93,559,2.93,96,203,556,158
422,Rep_422,122650.36,31,1256,24.3,10,294,120,132
423,Rep_423,31856.79,468,435,27.61,33,24,195,11
424,Rep_424,84274.64,36,1647,12.16,62,21,446,174
425,Rep_425,27482.64,204,1804,48.24,21,110,136,51
426,Rep_426,91438.75,346,454,45.56,20,165,185,57
427,Rep_427,77398.97,391,295,36.39,91,134,60,191
428,Rep_428,135401.54,245,791,27.14,99,289,448,42
429,Rep_429,65618.95,449,1664,43.63,7,119,363,57
430,Rep_430,35218.71,101,710,7.4,25,155,443,147
431,Rep_431,38588.92,486,699,39.73,68,225,385,158
432,Rep_432,118996.38,30,1544,7.12,94,171,139,52
433,Rep_433,100368.35,312,1899,39.92,40,137,628,99
434,Rep_434,33145.95,473,1961,14.51,90,159,676,151
435,Rep_435,30933.88,366,1496,43.98,66,45,747,141
436,Rep_436,111125.99,452,950,47.26,46,182,248,68
437,Rep_437,29459.19,93,114,8.29,80,31,149,97
438,Rep_438,126841.81,271,1086,23.67,46,215,371,186
439,Rep_439,111811.49,156,262,49.07,65,136,337,129
440,Rep_440,30575.34,450,291,24.69,17,226,668,183
441,Rep_441,31028.9,462,542,43.31,15,105,356,43
442,Rep_442,148263.15,396,1286,29.85,58,173,292,8
443,Rep_443,68655.2,266,1766,19.39,20,157,136,130
444,Rep_444,68183.48,67,387,15,12,27,387,7
445,Rep_445,125663.94,389,222,10.96,63,204,113,68
446,Rep_446,143142.32,431,721,38.33,61,160,187,33
447,Rep_447,148180.14,24,213,19.94,44,132,734,120
448,Rep_448,117939.16,171,514,26.05,63,196,360,15
449,Rep_449,68913.75,454,1044,25.12,6,158,680,101
450,Rep_450,30855.09,172,546,29.29,98,113,714,106
451,Rep_451,121029.1,329,749,43.41,98,252,171,190
452,Rep_452,92592.55,290,444,49.06,80,240,605,159
453,Rep_453,75148.86,289,752,20.97,14,215,293,25
454,Rep_454,137826.07,21,1990,41.55,48,207,573,43
455,Rep_455,34455.67,283,357,38.46,15,96,515,106
456,Rep_456,84041.26,280,1841,29.1,83,151,743,50
457,Rep_457,21475.97,217,232,47.85,84,208,120,70
458,Rep_458,80925.88,36,678,10.82,85,55,576,95
459,Rep_459,27319.43,81,1867,6.35,94,297,101,168
460,Rep_460,35446.33,69,559,42.84,6,24,548,115
461,Rep_461,35278.41,439,1781,22.52,54,53,92,86
462,Rep_462,104397.34,482,595,42.5,16,178,33,127
463,Rep_463,116985.83,154,1637,44.76,94,53,452,197
464,Rep_464,95837.94,102,673,4.06,27,107,176,195
465,Rep_465,145082.43,318,1837,44.29,22,270,754,103
466,Rep_466,68733.18,17,643,22.97,66,118,151,39
467,Rep_467,57142.57,88,793,26.01,66,292,357,163
468,Rep_468,132917.89,36,1300,31.7,42,113,423,160
469,Rep_469,49067.46,183,1818,46.39,71,265,395,107
470,Rep_470,145218.93,59,1806,1.94,42,215,578,133
471,Rep_471,21580.08,208,1509,24.37,71,52,126,29
472,Rep_472,146084.25,396,1998,34.7,98,254,639,47
473,Rep_473,25610.79,358,1495,36.41,65,296,284,88
474,Rep_474,135848.6,457,603,34.93,5,282,224,199
475,Rep_475,88601.14,437,70,7.59,98,92,98,195
476,Rep_476,149085.42,190,603,15.67,49,119,174,55
477,Rep_477,29593.55,33,446,18.58,32,199,266,134
478,Rep_478,92001.06,325,674,40.42,25,297,550,130
479,Rep_479,146009.33,387,154,14.66,17,260,557,196
480,Rep_480,88002.72,396,241,11.32,31,221,748,73
481,Rep_481,101821.82,413,66,47.91,11,142,173,13
482,Rep_482,110447.33,55,1193,1.43,26,210,173,6
483,Rep_483,79090.34,24,442,49.89,78,294,705,166
484,Rep_484,101582.55,162,474,34.16,57,104,111,192
485,Rep_485,95960.86,231,178,41.59,83,287,452,193
486,Rep_486,137150.54,215,1203,15.44,83,228,357,163
487,Rep_487,25908.03,464,621,1.7,8,98,499,14
488,Rep_488,56525.21,282,1633,37.16,27,81,712,118
489,Rep_489,143553.49,391,78,41.87,74,256,150,80
490,Rep_490,135734.29,245,1170,37.28,92,138,469,168
491,Rep_491,79235.38,349,1083,8,88,221,292,89
492,Rep_492,100617.24,237,291,37.92,88,105,607,53
493,Rep_493,56059.55,18,1899,38.68,80,84,196,74
494,Rep_494,44455.75,175,281,33.27,37,63,715,181
495,Rep_495,80280.79,441,838,38.54,32,63,662,135
496,Rep_496,65935.79,453,1357,42.45,12,227,68,137
497,Rep_497,95875.29,328,764,31.07,5,25,586,193
498,Rep_498,30105.5,223,808,5.34,41,108,685,94
499,Rep_499,146671.32,126,851,24.89,67,29,374,30
500,Rep_500,148207.4,395,825,4.8,26,55,731,76
501,Rep_501,110761.02,353,775,20.97,74,202,327,9
502,Rep_502,89692.53,81,249,20.95,25,67,649,19
503,Rep_503,60238.59,404,994,4.23,39,120,794,127
504,Rep_504,125793.35,73,128,18.09,83,138,65,148
505,Rep_505,109015.05,214,1986,6.44,9,203,321,5
506,Rep_506,41140.2,218,1005,40.6,64,17,427,148
507,Rep_507,138420.53,81,1928,47.44,50,38,208,169
508,Rep_508,126929.84,286,905,4.54,54,121,148,7
509,Rep_509,143473.99,283,1246,47.8,52,170,580,184
510,Rep_510,114343.54,487,516,26.61,10,140,556,51
511,Rep_511,99743.98,329,630,15.68,93,197,285,99
512,Rep_512,74371.59,347,1489,4.77,60,172,137,17
513,Rep_513,141254.7,375,989,25.53,63,206,483,124
514,Rep_514,132588.31,104,498,39.93,33,213,163,59
515,Rep_515,25878.43,175,136,35.65,75,221,461,153
516,Rep_516,23427.71,41,150,3.46,81,118,219,70
517,Rep_517,68940.24,20,1081,4.57,22,285,176,186
518,Rep_518,125371.93,310,894,20.74,6,82,506,159
519,Rep_519,148345.9,226,1273,15.47,12,176,153,170
520,Rep_520,39554.2,298,1578,12.39,79,269,167,94
521,Rep_521,97236.99,111,136,14.77,58,252,355,190
522,Rep_522,69515.81,434,92,40.37,42,284,90,66
523,Rep_523,146088.87,401,1458,46.53,52,111,252,106
524,Rep_524,129475.46,276,1694,20.85,31,182,353,178
525,Rep_525,128982.73,223,1508,45.4,24,180,685,143
526,Rep_526,80930.11,188,457,16.75,16,150,109,12
527,Rep_527,73926.54,97,1556,24.35,47,197,353,101
528,Rep_528,55542.92,50,713,12.08,65,95,218,121
529,Rep_529,27328.81,410,1090,32.38,35,61,180,68
530,Rep_530,132413.91,85,1718,48.97,95,120,557,25
531,Rep_531,125677.13,386,197,30.57,65,52,140,119
532,Rep_532,149963.3,55,326,18.53,78,220,320,195
533,Rep_533,149562.79,169,281,32.74,71,209,743,89
534,Rep_534,92206.12,472,1899,7.02,95,249,594,196
535,Rep_535,119968.36,89,415,44.54,39,124,455,24
536,Rep_536,142819.54,319,1301,25.65,99,35,87,12
537,Rep_537,130454.16,95,1724,23.02,19,86,784,62
538,Rep_538,52155.25,101,485,29.71,20,146,478,50
539,Rep_539,78570.74,157,448,31.61,17,29,533,35
540,Rep_540,36790.72,170,1284,4.52,39,220,417,97
541,Rep_541,144026.63,211,1464,34.45,79,249,639,13
542,Rep_542,98802.7,433,548,12.85,63,48,305,19
543,Rep_543,49723.56,425,589,35.98,25,277,580,98
544,Rep_544,107321.09,251,612,41.3,58,216,159,158
545,Rep_545,100356.67,362,1564,40.39,79,276,749,142
546,Rep_546,66561.15,11,491,28.07,34,163,575,33
547,Rep_547,34762.49,234,1334,26.49,52,51,609,84
548,Rep_548,107304.52,298,822,8,39,20,747,40
549,Rep_549,87640,242,399,38.99,90,107,629,88
550,Rep_550,120401.39,470,1425,14.3,42,284,767,113
551,Rep_551,87621.26,423,569,25.34,35,239,301,122
552,Rep_552,130783.6,426,1393,14.93,82,229,680,41
553,Rep_553,91747.89,86,187,7.56,28,74,597,90
554,Rep_554,92921.94,125,1623,31.85,53,241,765,75
555,Rep_555,133964.97,163,1696,3.66,36,61,476,155
556,Rep_556,72452.77,415,1041,37.68,59,272,106,173
557,Rep_557,37421.98,112,417,16.56,83,276,98,97
558,Rep_558,23741.75,203,1293,1.01,62,163,224,84
559,Rep_559,118167.84,175,1410,26.05,7,149,356,106
560,Rep_560,100640.24,368,1296,3.3,84,60,273,160
561,Rep_561,111530.37,99,1721,14.53,73,126,323,180
562,Rep_562,47685.34,183,1841,35.64,89,55,399,170
563,Rep_563,37728.29,131,409,4.07,14,97,149,163
564,Rep_564,21890.81,152,970,42.13,87,217,615,18
565,Rep_565,65576.38,491,378,1.19,29,278,295,121
566,Rep_566,96689.3,115,1011,13.09,72,98,718,77
567,Rep_567,70991.73,384,512,37.3,65,127,577,95
568,Rep_568,76871.74,437,995,16.5,33,63,202,94
569,Rep_569,137540.63,314,1012,5.99,23,125,287,33
570,Rep_570,65273.21,369,1634,18.65,47,127,341,183
571,Rep_571,86818.63,468,1877,14.25,70,269,531,53
572,Rep_572,121874.89,326,1455,42.29,78,84,631,175
573,Rep_573,71550.56,460,885,16.35,65,16,97,76
574,Rep_574,100871.27,132,1663,39.66,47,131,358,137
575,Rep_575,132107.28,399,1690,44.7,29,20,693,46
576,Rep_576,143437.68,18,218,22.26,24,224,575,139
577,Rep_577,39119.55,271,266,45.59,52,288,528,46
578,Rep_578,140456.39,82,427,19.49,87,37,257,168
579,Rep_579,83975.12,368,168,48.24,91,244,153,109
580,Rep_580,53571.77,232,239,5.38,28,35,211,31
581,Rep_581,79687.65,425,816,34.66,15,63,375,62
582,Rep_582,147404.23,50,419,25.2,59,38,297,50
583,Rep_583,84040.35,379,1851,19.99,32,173,37,70
584,Rep_584,62737.71,213,198,32,73,279,543,29
585,Rep_585,102342.11,273,1749,35.49,67,44,199,77
586,Rep_586,51218.93,337,701,1.21,63,295,142,121
587,Rep_587,29862.23,187,1932,9.18,9,282,265,159
588,Rep_588,36754.36,357,1561,35.94,55,217,753,133
589,Rep_589,36645.96,327,819,33.65,25,247,392,91
590,Rep_590,39747.35,93,423,48.34,16,102,70,78
591,Rep_591,38047.53,327,830,38.29,54,182,90,174
592,Rep_592,103313.72,120,1766,47.59,8,88,499,184
593,Rep_593,43644.41,260,209,35.42,46,119,579,157
594,Rep_594,64936.75,392,400,15.6,88,226,38,186
595,Rep_595,136582.49,16,1985,6.16,42,115,793,129
596,Rep_596,81615.01,468,1361,39.31,29,56,103,71
597,Rep_597,106782.51,93,1361,32.56,18,190,174,10
598,Rep_598,42401.58,217,941,3.36,79,73,584,129
599,Rep_599,44997.57,397,1299,18.64,36,255,638,62
600,Rep_600,25312.92,399,572,47.88,15,253,376,74
601,Rep_601,41961.56,323,571,25.52,65,96,666,57
602,Rep_602,56216.74,31,832,22.2,22,226,462,70
603,Rep_603,43011.36,419,322,23.43,31,16,88,62
604,Rep_604,31531.33,392,985,11.24,59,287,542,86
605,Rep_605,35682.66,12,1475,19.07,58,219,162,91
606,Rep_606,79901.24,136,232,19.12,86,178,211,6
607,Rep_607,46823.38,306,1738,3.57,91,147,406,154
608,Rep_608,67355.08,197,537,38.61,79,239,397,41
609,Rep_609,85444.25,371,1900,21.41,25,170,600,152
610,Rep_610,109751.33,23,895,41.29,48,10,554,107
611,Rep_611,25110.58,468,173,42.67,9,245,712,28
612,Rep_612,123923.35,475,1034,11.39,91,197,312,116
613,Rep_613,101627.05,21,1699,33.21,45,13,28,69
614,Rep_614,30628.67,96,839,24.14,63,141,290,197
615,Rep_615,133565.22,21,463,44.13,93,227,406,133
616,Rep_616,139713.41,406,1798,11.57,58,269,112,121
617,Rep_617,27940.13,34,1245,34.21,78,10,548,120
618,Rep_618,55994.09,310,1361,30.78,26,80,173,109
619,Rep_619,124806.17,252,1508,15.47,87,187,424,7
620,Rep_620,117273.76,131,735,7.69,69,198,168,50
621,Rep_621,43987.73,156,162,32.93,68,17,286,59
622,Rep_622,47215.41,64,937,37.19,75,262,441,79
623,Rep_623,68161.37,247,1990,16.47,8,253,637,196
624,Rep_624,82987.99,365,171,32.6,69,132,491,49
625,Rep_625,100373.12,182,1617,20.36,19,292,566,158
626,Rep_626,67958.77,401,1295,35.95,80,41,650,81
627,Rep_627,80129.51,230,1704,10.76,26,155,545,197
628,Rep_628,117171.22,128,88,44.62,90,165,522,28
629,Rep_629,24768.82,318,546,15.08,51,25,33,39
630,Rep_630,52816.8,192,829,19.02,85,56,797,28
631,Rep_631,112735.45,297,1306,3.85,97,260,671,32
632,Rep_632,136376.89,316,992,6.46,50,196,383,20
633,Rep_633,86518.07,309,1603,26.28,18,40,138,63
634,Rep_634,89174.75,91,198,14.11,54,269,257,186
635,Rep_635,33932.36,463,1470,41.94,24,26,565,148
636,Rep_636,78163.61,411,1071,1.72,54,48,188,19
637,Rep_637,89240.24,220,710,19.58,37,48,541,15
638,Rep_638,51521.17,159,1711,17.53,63,141,653,197
639,Rep_639,55001.62,46,1977,1.95,47,39,676,83
640,Rep_640,69046.94,361,351,7.09,83,167,754,119
641,Rep_641,22609.26,321,1433,21.27,16,287,788,72
642,Rep_642,61870.29,370,287,25.15,44,212,799,47
643,Rep_643,47488.24,68,696,20.81,24,75,535,73
644,Rep_644,62574.66,140,712,27.02,98,117,416,145
645,Rep_645,35569.08,421,285,30.16,42,277,125,142
646,Rep_646,135768.55,211,1809,1.49,7,231,104,79
647,Rep_647,97167.02,252,252,23.74,32,27,233,107
648,Rep_648,108283.3,44,305,48.21,60,99,140,45
649,Rep_649,122592.26,454,647,26.43,94,190,151,182
650,Rep_650,84797.49,102,711,34.2,98,264,216,63
651,Rep_651,31299.64,447,284,16.28,17,262,38,43
652,Rep_652,89823.85,456,1418,38.93,81,266,661,7
653,Rep_653,96289.35,216,583,38.87,70,96,31,11
654,Rep_654,116907.13,362,909,26.54,41,99,100,53
655,Rep_655,76115.74,400,1870,48.82,53,246,349,30
656,Rep_656,36585.44,341,1854,7.15,70,79,793,165
657,Rep_657,56890.87,314,1539,1.83,40,53,411,105
658,Rep_658,67200.7,359,819,38.74,58,209,656,180
659,Rep_659,103969.24,222,590,40.55,30,161,326,83
660,Rep_660,94201.18,168,262,6.89,79,95,286,6
661,Rep_661,66292.57,451,512,14.01,76,28,466,131
662,Rep_662,148246.98,454,485,1.86,44,110,460,164
663,Rep_663,98750.73,33,332,15.37,47,104,671,136
664,Rep_664,50839.48,413,1635,38.88,26,263,21,24
665,Rep_665,33231.72,302,1680,26.38,24,39,539,121
666,Rep_666,39871.69,13,1536,18.06,12,258,781,168
667,Rep_667,51974.5,229,1480,19.22,33,42,670,36
668,Rep_668,40888.58,373,137,1.07,44,238,655,32
669,Rep_669,44253.71,391,1117,15.69,94,21,328,81
670,Rep_670,57062.37,29,510,32.68,34,127,759,5
671,Rep_671,42538.57,453,327,48.74,85,164,541,192
672,Rep_672,136579.51,161,1756,42.51,88,255,488,60
673,Rep_673,30430.39,59,470,2.16,59,256,231,39
674,Rep_674,88186.48,186,1774,45.03,20,38,131,116
675,Rep_675,73351.59,444,1426,39.38,50,170,27,34
676,Rep_676,147709.22,105,745,39.24,66,244,496,58
677,Rep_677,34565.06,114,564,23.44,11,199,479,40
678,Rep_678,71721.23,429,752,20.5,84,126,272,187
679,Rep_679,146031.16,259,1703,15.84,49,280,545,84
680,Rep_680,132515.93,126,68,4.22,63,267,771,62
681,Rep_681,126219.37,363,72,12.18,60,189,457,87
682,Rep_682,53527.37,237,462,13.08,52,181,773,69
683,Rep_683,42215.39,75,1103,24.72,31,283,680,73
684,Rep_684,106923.62,344,1880,37.62,57,268,255,132
685,Rep_685,140818.88,427,157,24.22,91,144,325,55
686,Rep_686,92379.18,429,1440,3.83,92,180,497,26
687,Rep_687,94309.65,271,1354,47.93,77,219,698,111
688,Rep_688,56397.28,304,1201,47.19,39,245,39,113
689,Rep_689,120034.08,435,1302,39.47,55,195,235,120
690,Rep_690,44315.69,252,1184,49.58,88,104,154,105
691,Rep_691,62078.3,380,185,27.68,41,20,148,185
692,Rep_692,75306.74,195,411,48.18,85,77,429,104
693,Rep_693,85989.35,255,1259,4.7,99,219,441,168
694,Rep_694,51513.27,134,1729,18.92,61,205,313,72
695,Rep_695,34928.79,277,1657,12.04,12,107,265,40
696,Rep_696,99380.61,140,178,10.6,83,102,720,184
697,Rep_697,57521.97,246,1949,7.9,99,31,575,185
698,Rep_698,95560.97,27,1334,31.5,98,181,105,182
699,Rep_699,40067.15,49,564,39.28,24,143,575,173
700,Rep_700,82548.21,30,498,29.34,57,34,394,150
701,Rep_701,89236.63,408,1973,8.2,16,194,465,26
702,Rep_702,26737.06,234,1177,40.75,53,94,397,70
703,Rep_703,63758.56,364,1556,32.16,21,64,409,25
704,Rep_704,37473.91,291,1297,20.02,68,260,676,104
705,Rep_705,28238.75,17,1905,34.03,46,153,70,132
706,Rep_706,148694.83,109,923,13.74,98,176,261,48
707,Rep_707,61906,249,1939,17.91,33,233,313,107
708,Rep_708,125283.68,487,1564,45.96,23,229,582,51
709,Rep_709,53103.29,96,522,15.23,15,188,285,43
710,Rep_710,108595.35,307,1083,24.03,54,128,139,33
711,Rep_711,118829.62,437,1478,44.62,75,274,731,58
712,Rep_712,97433.04,23,1969,35.68,62,159,267,94
713,Rep_713,81304.9,343,351,4.05,38,224,89,89
714,Rep_714,73539.32,11,280,8.22,24,206,76,21
715,Rep_715,65352.87,384,1804,1.38,54,51,401,84
716,Rep_716,140838.79,302,972,31.92,92,62,58,192
717,Rep_717,127980.52,334,1139,22.94,14,260,462,163
718,Rep_718,145453.5,431,986,7.58,36,280,37,77
719,Rep_719,36158.64,50,161,47.94,56,132,751,53
720,Rep_720,115012.77,327,1086,26.95,19,275,775,105
721,Rep_721,141984.26,325,1466,12.85,88,38,371,6
722,Rep_722,43560.3,390,549,25.53,7,44,317,180
723,Rep_723,28644.51,120,981,34.3,41,15,302,146
724,Rep_724,116345.68,23,647,4.74,44,120,605,63
725,Rep_725,94681.5,240,283,14.46,76,86,129,101
726,Rep_726,129437.74,482,651,40.54,44,156,199,103
727,Rep_727,38170.41,93,363,23.52,60,76,563,190
728,Rep_728,123384.75,139,615,27.78,27,17,765,107
729,Rep_729,46211.55,240,1085,22.21,15,131,44,190
730,Rep_730,41275.27,335,258,3.15,68,184,757,183
731,Rep_731,41354.55,154,1087,9.12,12,188,76,6
732,Rep_732,125894.71,388,1706,22.83,97,94,199,45
733,Rep_733,106475.64,354,1491,11.25,98,54,251,127
734,Rep_734,87998.51,37,1510,3.45,60,145,362,86
735,Rep_735,66647.96,75,1450,42.34,64,25,496,148
736,Rep_736,134036.07,172,1093,49.08,14,204,595,136
737,Rep_737,71017.86,238,636,39.86,43,18,474,144
738,Rep_738,126157.93,270,1985,42.84,32,24,251,33
739,Rep_739,77087.54,458,1828,12.86,53,111,308,139
740,Rep_740,69002.78,433,1808,48.07,40,235,232,18
741,Rep_741,80148.37,469,1064,10.65,17,287,277,16
742,Rep_742,59179.12,449,1143,47.62,40,122,549,103
743,Rep_743,117189.22,173,1897,49.75,30,10,706,137
744,Rep_744,85353.65,310,1284,35.87,90,275,248,85
745,Rep_745,50187.65,416,1174,49.08,8,217,245,110
746,Rep_746,136944.69,312,747,28.91,99,119,615,36
747,Rep_747,69905.86,296,181,13.72,86,209,454,78
748,Rep_748,90661.87,404,1696,22.41,68,21,777,175
749,Rep_749,137841.37,19,1454,30.08,42,197,421,85
750,Rep_750,101150.94,204,1205,4.58,92,163,641,73
751,Rep_751,35196.75,127,1093,31.49,91,288,785,49
752,Rep_752,142178.18,279,1979,49.08,26,180,107,110
753,Rep_753,101602.05,89,585,10.32,6,143,603,141
754,Rep_754,63537.73,467,1063,39.84,35,34,561,181
755,Rep_755,38105.37,102,276,45.49,15,27,703,165
756,Rep_756,123223.27,275,1227,47.24,96,199,328,104
757,Rep_757,100609.46,341,1878,48.05,50,150,362,150
758,Rep_758,89349.94,359,1815,26.55,66,52,455,13
759,Rep_759,136206.04,370,1542,48.89,73,293,196,66
760,Rep_760,122517.64,266,871,38.11,68,155,158,189
761,Rep_761,39717.73,142,920,8.92,14,101,213,33
762,Rep_762,60523.87,285,454,24.37,44,188,205,129
763,Rep_763,52303.59,273,251,36.2,28,65,237,118
764,Rep_764,116713.02,180,87,13.12,48,164,183,157
765,Rep_765,24359.22,469,991,32.39,64,169,180,147
766,Rep_766,94085.66,10,1845,33.66,66,120,544,138
767,Rep_767,119119.63,322,237,8.97,91,146,620,124
768,Rep_768,133979.53,73,1130,28.69,21,241,61,174
769,Rep_769,64470.63,383,990,38.81,69,229,229,161
770,Rep_770,126763.45,477,1093,25.45,99,77,760,83
771,Rep_771,34382.13,293,322,1.59,99,258,294,97
772,Rep_772,130038.8,130,1192,1.44,61,15,298,8
773,Rep_773,36573.53,116,632,18.49,59,289,270,86
774,Rep_774,71647.35,430,565,46.38,57,103,329,189
775,Rep_775,123648.4,184,1294,12.21,60,278,739,181
776,Rep_776,39489.27,494,575,32.08,13,206,159,176
777,Rep_777,49802.68,213,1588,11.88,26,34,565,79
778,Rep_778,113892.83,174,1801,16.76,17,157,549,18
779,Rep_779,113604.75,314,1814,42.55,93,127,76,135
780,Rep_780,103349.19,129,385,36.71,52,75,131,118
781,Rep_781,110213.3,53,747,5.67,22,184,24,66
782,Rep_782,90554.18,321,1128,22.01,80,85,429,110
783,Rep_783,52733.88,165,549,2.43,44,123,433,68
784,Rep_784,64940.48,376,949,24.56,21,120,201,106
785,Rep_785,43607.7,216,1961,33.46,19,258,32,177
786,Rep_786,138098.57,399,815,6.81,19,212,358,110
787,Rep_787,95840.93,117,585,15.16,83,156,278,190
788,Rep_788,72110.68,260,211,20.49,67,44,109,24
789,Rep_789,80060.75,454,1743,46.06,43,35,635,62
790,Rep_790,143146.83,413,643,49.67,17,247,717,116
791,Rep_791,39935.68,379,1988,3.2,85,23,269,61
792,Rep_792,96209.88,343,208,38.29,36,54,274,123
793,Rep_793,85765.53,139,1261,19.21,13,225,607,101
794,Rep_794,99489.05,466,109,20.23,44,242,127,96
795,Rep_795,22354.32,302,964,37.96,24,202,687,56
796,Rep_796,133376.11,29,1890,46,94,60,613,41
797,Rep_797,141175.38,291,1392,47.6,95,223,608,12
798,Rep_798,93467.31,294,1951,29.28,89,160,504,48
799,Rep_799,110564.61,10,260,18.5,86,284,277,102
800,Rep_800,139924.92,128,455,39.59,81,85,658,137
801,Rep_801,111941.02,44,713,13.3,84,229,301,122
802,Rep_802,39830.08,207,1182,28.64,77,196,107,73
803,Rep_803,94917.49,494,1149,18.57,67,298,223,163
804,Rep_804,98872.96,254,591,33.17,80,37,35,49
805,Rep_805,75136.99,68,1387,12.78,48,189,170,141
806,Rep_806,115737.75,334,1047,10.39,42,262,273,36
807,Rep_807,141467.71,170,1190,45.99,87,135,207,37
808,Rep_808,140323.91,188,976,5.99,64,186,348,130
809,Rep_809,78609.12,215,917,25.79,75,46,563,71
810,Rep_810,34720.95,21,1777,11.82,52,108,416,34
811,Rep_811,148029.36,499,68,2.91,22,107,536,118
812,Rep_812,129056.75,285,481,2.76,20,136,478,33
813,Rep_813,36206.15,190,1758,9.59,59,177,349,135
814,Rep_814,139709.44,251,789,43.47,43,89,188,189
815,Rep_815,133086.53,225,1423,14.84,72,135,712,34
816,Rep_816,87448.95,260,232,47.57,63,159,385,141
817,Rep_817,96865.81,308,162,29.5,93,25,197,158
818,Rep_818,71870.35,135,1256,22.39,66,37,674,134
819,Rep_819,27119.01,491,530,29.42,17,182,381,66
820,Rep_820,63575.64,226,1219,26.32,85,55,779,7
821,Rep_821,124370.95,315,880,38.18,10,245,658,178
822,Rep_822,20602.16,294,1701,14.84,87,223,794,72
823,Rep_823,63354.89,194,1186,18.3,81,94,59,29
824,Rep_824,71761.93,48,812,44.81,64,291,435,183
825,Rep_825,89861.43,232,525,47.38,94,241,374,145
826,Rep_826,139581.23,193,812,44.74,18,94,274,48
827,Rep_827,65024.98,436,1376,21.55,99,74,162,167
828,Rep_828,65103.92,187,1020,39.24,58,143,771,59
829,Rep_829,115875.16,416,1898,24.34,8,160,759,141
830,Rep_830,78788.33,437,1069,25.38,43,124,729,134
831,Rep_831,49198.63,303,1191,11.03,76,73,596,193
832,Rep_832,78817.14,349,1886,29.97,29,167,30,45
833,Rep_833,38311.41,160,210,10.12,81,86,639,176
834,Rep_834,42930.31,393,450,17.25,36,155,45,68
835,Rep_835,84787.81,135,247,42.9,63,234,440,35
836,Rep_836,74460.31,310,1333,11.15,67,112,682,51
837,Rep_837,138929.97,317,709,4.49,42,97,240,134
838,Rep_838,67111.21,345,1825,4.38,96,177,515,100
839,Rep_839,95476.49,443,1120,47.1,57,179,256,81
840,Rep_840,102194.36,243,448,25.84,98,144,256,114
841,Rep_841,21702.28,389,1783,21.06,71,59,238,73
842,Rep_842,106259.86,384,1632,40.73,32,143,506,62
843,Rep_843,43144.68,17,127,41.96,7,146,480,110
844,Rep_844,144939.14,350,173,17.28,84,254,682,48
845,Rep_845,39326.15,138,124,34.99,26,118,654,78
846,Rep_846,73901.14,273,1944,38.79,42,296,163,60
847,Rep_847,31095.46,166,186,33.08,76,30,208,175
848,Rep_848,149593.65,361,651,8.43,76,99,274,131
849,Rep_849,85285.35,367,1473,43.92,66,121,87,166
850,Rep_850,97400.05,14,886,27.42,61,86,635,34
851,Rep_851,28719.94,95,1578,14.84,10,186,355,75
852,Rep_852,117494.86,184,549,21.84,82,157,690,122
853,Rep_853,47287.73,299,1646,2.84,36,110,428,59
854,Rep_854,136747.06,202,187,7.27,14,255,319,71
855,Rep_855,46668.15,320,99,38.51,7,126,621,145
856,Rep_856,44789.4,128,1844,1,63,101,376,7
857,Rep_857,24751.46,227,1022,21.41,80,37,275,30
858,Rep_858,81368.7,436,1692,26.6,53,34,372,61
859,Rep_859,93429.35,467,1698,3.68,63,67,751,130
860,Rep_860,28542.12,423,1935,48.68,35,143,540,156
861,Rep_861,120818.59,123,303,12.08,97,258,543,57
862,Rep_862,78927.55,475,1703,15.91,73,47,775,47
863,Rep_863,88170.74,154,759,15.89,66,84,713,192
864,Rep_864,77299.16,35,1922,12.29,56,151,303,190
865,Rep_865,72099.2,145,1950,1.07,93,177,331,53
866,Rep_866,92753.24,312,612,36.74,45,268,118,46
867,Rep_867,40181.23,241,806,48.38,35,234,216,198
868,Rep_868,43650.66,378,1988,11.99,89,161,501,15
869,Rep_869,132032.13,85,1499,33.49,88,28,245,107
870,Rep_870,142995.01,484,596,37.35,26,155,634,102
871,Rep_871,68530.21,337,1375,42.57,8,250,637,150
872,Rep_872,55196.81,354,971,21.71,17,246,384,89
873,Rep_873,103719.94,311,630,15.84,49,44,387,104
874,Rep_874,73135.44,461,1422,16.94,46,199,589,108
875,Rep_875,23300.23,298,1905,35.92,53,10,609,184
876,Rep_876,40299.84,10,98,41.02,24,162,94,50
877,Rep_877,113076.39,156,966,9.9,81,135,61,48
878,Rep_878,105660.11,296,1147,19.18,85,235,441,26
879,Rep_879,23522.48,473,753,45.2,58,230,200,185
880,Rep_880,48856.38,151,310,40.53,40,220,564,191
881,Rep_881,50039.72,62,405,49.26,5,34,90,118
882,Rep_882,107346.06,313,1655,37.96,19,25,587,129
883,Rep_883,22562.37,78,1675,20.27,81,191,124,128
884,Rep_884,33534.12,370,1333,29.94,21,138,219,34
885,Rep_885,123989.09,99,687,33.39,28,51,120,12
886,Rep_886,43210.81,455,792,4.84,62,245,787,102
887,Rep_887,104856.99,229,1368,27.68,76,43,326,61
888,Rep_888,50963.76,459,1059,35.76,95,54,605,115
889,Rep_889,32927.38,201,980,9.2,27,143,702,77
890,Rep_890,51612.38,463,690,39.25,50,30,396,119
891,Rep_891,113894.7,72,841,29.6,76,131,674,24
892,Rep_892,131240.54,82,1386,47.66,12,79,697,29
893,Rep_893,127928.58,170,661,3.08,63,57,418,23
894,Rep_894,71633.86,178,1911,14,94,48,792,9
895,Rep_895,106851.07,98,858,30.48,63,296,240,79
896,Rep_896,46647.96,185,1255,15.53,17,19,614,132
897,Rep_897,58109.2,278,735,36.01,43,39,201,76
898,Rep_898,136523.66,82,1901,38.19,32,253,326,159
899,Rep_899,21690.25,254,1437,6.02,93,283,541,44
900,Rep_900,31116.11,86,237,26.18,65,97,415,30
901,Rep_901,47025.21,168,1642,25.94,20,253,23,31
902,Rep_902,23449.19,498,1616,19.09,6,24,300,194
903,Rep_903,43586.61,468,1669,46.71,86,13,234,87
904,Rep_904,95795.4,333,1737,41.55,21,200,629,132
905,Rep_905,74785.19,107,1034,35.16,34,177,439,182
906,Rep_906,136047.32,390,597,36,17,18,120,174
907,Rep_907,126267.66,111,774,23.62,97,118,540,161
908,Rep_908,64436.26,141,975,46.13,98,146,592,171
909,Rep_909,53725.05,111,1481,35.04,86,163,328,192
910,Rep_910,69360.01,28,925,36.72,17,218,677,173
911,Rep_911,96738.34,463,667,43.22,47,281,529,37
912,Rep_912,54848.27,491,463,14.43,89,152,82,101
913,Rep_913,101139.36,91,1415,40.55,98,108,652,115
914,Rep_914,73223.51,406,1293,10.57,25,78,245,20
915,Rep_915,91766.13,498,952,17.92,59,256,124,27
916,Rep_916,76696.45,288,212,17.44,85,270,791,139
917,Rep_917,58280.55,348,1293,48.95,44,285,444,30
918,Rep_918,143298.93,374,319,42.97,87,88,274,100
919,Rep_919,119268.75,340,681,35.36,19,155,448,16
920,Rep_920,38214.71,138,955,36.63,77,120,453,76
921,Rep_921,132900.84,353,1921,28.54,56,267,226,137
922,Rep_922,83366.06,319,1473,47.41,78,102,47,110
923,Rep_923,136291.79,464,1255,25.32,99,22,701,121
924,Rep_924,123981.18,98,1691,19.65,57,269,355,181
925,Rep_925,75277.76,222,1802,8.99,91,118,607,30
926,Rep_926,22921.01,152,254,39.52,56,198,647,137
927,Rep_927,54928.06,74,631,36.99,34,104,88,26
928,Rep_928,90412.45,85,1629,19.83,37,114,765,17
929,Rep_929,102352.17,208,890,2.23,61,17,532,160
930,Rep_930,53525.4,152,1886,42.11,56,76,186,165
931,Rep_931,38116.29,414,1301,1.56,13,200,749,111
932,Rep_932,128540.93,412,1769,35.48,58,265,387,27
933,Rep_933,147972.28,325,1692,48.54,5,18,270,101
934,Rep_934,88339.72,102,645,22.45,48,126,705,22
935,Rep_935,42318.31,482,1923,12.51,79,276,189,121
936,Rep_936,55399.95,426,299,35.54,84,108,777,34
937,Rep_937,22390.79,314,924,41.04,13,173,109,30
938,Rep_938,138858.84,233,1514,27.78,36,150,580,148
939,Rep_939,35307.64,300,1606,48.38,19,277,465,43
940,Rep_940,94947.14,437,245,3.53,16,46,313,165
941,Rep_941,55627.18,111,739,25.73,82,83,169,158
942,Rep_942,92043.14,483,1592,36.2,61,82,151,180
943,Rep_943,104684.65,276,1143,43.27,12,208,452,197
944,Rep_944,127866.43,364,688,9.78,76,139,78,170
945,Rep_945,46834.77,465,1472,40.2,31,255,218,134
946,Rep_946,21429.46,119,721,28.08,66,69,234,117
947,Rep_947,37795.13,471,1833,20.43,16,288,580,138
948,Rep_948,137002.42,339,1276,7.45,69,112,491,50
949,Rep_949,133605.71,459,1221,43.4,46,160,763,54
950,Rep_950,97663.7,439,1545,8.71,66,166,266,170
951,Rep_951,98067.19,274,1728,16.18,15,215,401,110
952,Rep_952,106454.77,12,993,15.21,47,188,258,150
953,Rep_953,42798.27,94,248,43.7,99,206,386,159
954,Rep_954,138873.55,291,1990,33.96,21,232,187,173
955,Rep_955,74440.17,337,1499,40.04,36,98,579,76
956,Rep_956,69808.01,313,1739,13.27,97,296,70,78
957,Rep_957,87459.3,459,541,31.62,89,285,629,21
958,Rep_958,26105.58,463,1961,29.02,89,245,747,194
959,Rep_959,41616.84,421,945,41.81,44,192,708,161
960,Rep_960,115944.37,126,191,45.4,27,218,399,190
961,Rep_961,30763.83,230,1386,1.6,60,139,493,74
962,Rep_962,98409.77,163,214,34.03,10,162,99,154
963,Rep_963,51895.38,162,363,3.54,90,22,716,10
964,Rep_964,70608.43,21,70,27.89,54,131,386,30
965,Rep_965,57530.19,142,1155,15.09,41,229,480,171
966,Rep_966,66237.45,491,1654,16.03,68,115,558,144
967,Rep_967,113475.97,313,1204,18.29,58,79,471,103
968,Rep_968,58625.82,302,1672,31.44,76,204,483,146
969,Rep_969,93632.6,472,1803,17.37,53,195,497,26
970,Rep_970,81886.55,309,1033,36.9,15,108,439,55
971,Rep_971,106277.25,237,354,20.82,92,91,726,155
972,Rep_972,141787.87,280,1988,4.35,53,84,233,180
973,Rep_973,115234.37,52,420,39.4,25,201,388,108
974,Rep_974,47942.25,441,1930,15,70,223,133,182
975,Rep_975,24053.81,352,902,22.21,67,153,773,93
976,Rep_976,54094.33,335,433,34.59,87,225,522,145
977,Rep_977,97360.13,311,1981,17.29,32,24,655,142
978,Rep_978,26685.36,373,494,3.77,21,226,607,187
979,Rep_979,84527.61,388,474,19.32,10,44,330,13
980,Rep_980,97589.57,436,210,47.28,23,192,488,83
981,Rep_981,63451.71,30,1251,32.44,60,279,727,56
982,Rep_982,120218.59,416,678,33.9,32,109,63,134
983,Rep_983,33857.77,116,1781,31.98,70,16,434,157
984,Rep_984,29767.91,345,944,10.75,42,39,717,17
985,Rep_985,114664.54,312,539,21.5,41,153,265,55
986,Rep_986,84413.87,126,1066,37.8,72,120,103,190
987,Rep_987,109492.31,133,376,5.97,90,241,226,38
988,Rep_988,76527.55,408,647,14.61,94,188,170,39
989,Rep_989,52032.26,290,1064,14.54,53,81,687,135
990,Rep_990,126483.3,301,338,22.17,47,219,547,124
991,Rep_991,123924.06,212,642,49.04,40,229,184,191
992,Rep_992,110310.54,60,1737,4.31,62,89,164,74
993,Rep_993,55378.87,280,1646,26.42,17,92,56,180
994,Rep_994,96729.99,333,622,9.79,56,51,352,196
995,Rep_995,66926.61,286,1427,48.56,62,282,422,151
996,Rep_996,31905.67,150,77,6.55,36,200,433,71
997,Rep_997,139250.76,479,1003,20.78,85,182,64,107
998,Rep_998,37786.42,284,92,37.16,64,16,421,77
999,Rep_999,143530.86,299,1754,35.52,87,164,225,120
1000,Rep_1000,77980.75,343,472,21.71,62,19,81,137